mulaime;muwage;mumexp;v_aime;cv_wg_am;v_wage;cv_mx_am;cv_mx_wg;v_mexp
8.4696798;2.442456;7.2594304;1.5785332;.12294313;.54288399;.12993136;-.01881442;2.384403
9.0517302;2.5550339;6.7650638;.93985319;.19232136;.96828783;.14840476;-.056976948;2.314477
9.1554661;2.9214697;7.3786397;1.0662707;.072217248;.58311975;.2691927;-.17321475;1.6770502
9.3358326;3.1426883;7.1020083;.79033881;.15391894;.91872507;-.090331048;.20486794;2.2186673
