mulaime;muwage;mumexp;v_aime;cv_wg_am;v_wage;cv_mx_am;cv_mx_wg;v_mexp
8.3789768;2.5042894;6.8635345;1.433822;.12071435;.4805111;-.083063088;.012342018;1.7085667
8.8007231;2.2207751;6.5569167;.96852261;.38269886;1.3398041;-.076046817;-.5124293;2.6668482
9.2381258;2.825794;7.4477177;.8556444;.31583998;.95862758;.12033233;-.12449721;1.6456519
8.4557219;2.9070361;8.0819273;1.4670632;.55791008;1.1001304;-.013814169;.11269996;.86088604
