mulaime;muwage;mumexp;mulassets;v_aime;cv_wg_am;v_wage;cv_mx_am;cv_mx_wg;v_mexp;cv_as_am;cv_as_wg;cv_as_mx;v_assets
8.8647652;2.5689101;7.07654;9.2252569;1.1930985;.18051623;.84925413;-.014739078;.012826812;1.9667994;.1311709;.19008099;.018121324;4.4546838
9.472127;2.9946146;6.6457539;9.0582895;.72553736;.10227486;.65477347;-.0011837999;.053515784;2.4599459;.070247829;.25760275;.083548382;4.1603432
9.0901289;3.1116626;7.178864;10.570842;1.1433616;.20715785;1.1230861;-.076453216;-.10577524;1.7752351;-.037035018;.16319941;-.11231662;3.7031808
9.478755;3.4053049;6.7576499;10.311541;1.1362284;.051432732;.75357097;.052870918;.070957847;2.448698;.055812497;.31177032;-.038797088;3.9819782
