mulaime;muwage;mumexp;mulassets;v_aime;cv_wg_am;v_wage;cv_mx_am;cv_mx_wg;v_mexp;cv_as_am;cv_as_wg;cv_as_mx;v_assets
8.8174849;2.5530262;7.0667157;11.065134;1.3825271;.13612051;.81050342;-.001328679;.015907358;1.9545686;.21257105;.1690765;.11138861;2.0172756
9.4162178;2.9122808;6.5978665;10.855807;.78552699;.1199498;.74747133;.045797963;.03925404;2.2973008;.14129663;.26783884;.06223987;2.1640589
9.0928316;3.1059389;7.1494069;11.760117;1.0918657;.149957;.98266977;.027863143;-.097036541;1.7543225;.003451416;.2510289;-.14613679;1.3746903
9.4749498;3.4200876;6.7523761;11.596496;1.0755482;.041219763;.72745454;-.0060696891;.12184238;2.3688188;.10837422;.29310915;.023643017;1.6410686
